title,url,tmdb_id,user_rating,site_rating,added_label,checkin_date
F1 la película,https://www.palomitacas.com/pelicula/ficha/p911430,911430,7.5,7.5,03 de enero - 2026,2026-01-03
어쩔수가없다,https://www.palomitacas.com/pelicula/ficha/p639988,639988,,,,
El extranjero,https://www.palomitacas.com/pelicula/ficha/p379149,379149,7.0,7.0,30 de diciembre - 2025,2025-12-30
TRON: Ares,https://www.palomitacas.com/pelicula/ficha/p533533,533533,5.0,5.0,28 de diciembre - 2025,2025-12-28
Ases calientes,https://www.palomitacas.com/pelicula/ficha/p7516,7516,6.5,6.5,27 de diciembre - 2025,2025-12-27
Sisu: Camino a la venganza,https://www.palomitacas.com/pelicula/ficha/p1223601,1223601,5.0,5.0,25 de diciembre - 2025,2025-12-25
The Shadow's Edge,https://www.palomitacas.com/pelicula/ficha/p1419406,1419406,7.5,7.5,24 de diciembre - 2025,2025-12-24
Maldita suerte,https://www.palomitacas.com/pelicula/ficha/p1272166,1272166,,,,
Dead of Winter,https://www.palomitacas.com/pelicula/ficha/p1235746,1235746,6.0,6.0,19 de diciembre - 2025,2025-12-19
Puñales por la espalda: De entre los muertos,https://www.palomitacas.com/pelicula/ficha/p812583,812583,7.5,7.5,19 de diciembre - 2025,2025-12-19
The Running Man,https://www.palomitacas.com/pelicula/ficha/p798645,798645,5.5,5.5,17 de diciembre - 2025,2025-12-17
The Killer,https://www.palomitacas.com/pelicula/ficha/p938008,938008,6.5,6.5,06 de diciembre - 2025,2025-12-06
Una casa llena de dinamita,https://www.palomitacas.com/pelicula/ficha/p1290159,1290159,7.0,7.0,01 de diciembre - 2025,2025-12-01
Mindscape,https://www.palomitacas.com/pelicula/ficha/p227700,227700,5.5,5.5,29 de noviembre - 2025,2025-11-29
Los niños de Winton,https://www.palomitacas.com/pelicula/ficha/p760774,760774,8.0,8.0,24 de noviembre - 2025,2025-11-24
Una batalla tras otra,https://www.palomitacas.com/pelicula/ficha/p1054867,1054867,6.0,6.0,23 de noviembre - 2025,2025-11-23
Daddio,https://www.palomitacas.com/pelicula/ficha/p843416,843416,6.0,6.0,20 de noviembre - 2025,2025-11-20
Re:Born,https://www.palomitacas.com/pelicula/ficha/p408866,408866,5.0,5.0,19 de noviembre - 2025,2025-11-19
Ninja Assassin,https://www.palomitacas.com/pelicula/ficha/p22832,22832,6.0,6.0,14 de noviembre - 2025,2025-11-14
Moon,https://www.palomitacas.com/pelicula/ficha/p1172244,1172244,5.0,5.0,11 de noviembre - 2025,2025-11-11
Frankenstein,https://www.palomitacas.com/pelicula/ficha/p1062722,1062722,6.0,6.0,10 de noviembre - 2025,2025-11-10
La Duda,https://www.palomitacas.com/pelicula/ficha/p14359,14359,8.0,8.0,30 de octubre - 2025,2025-10-30
La habitación de al lado,https://www.palomitacas.com/pelicula/ficha/p1088514,1088514,7.5,7.5,30 de octubre - 2025,2025-10-30
El Padrino Parte II,https://www.palomitacas.com/pelicula/ficha/p240,240,8.0,8.0,30 de octubre - 2025,2025-10-30
El padrino,https://www.palomitacas.com/pelicula/ficha/p238,238,8.0,8.0,30 de octubre - 2025,2025-10-30
Tesis,https://www.palomitacas.com/pelicula/ficha/p9299,9299,7.5,7.5,15 de octubre - 2025,2025-10-15
La mujer del camarote 10,https://www.palomitacas.com/pelicula/ficha/p1290879,1290879,4.0,4.0,15 de octubre - 2025,2025-10-15
Muy lejos,https://www.palomitacas.com/pelicula/ficha/p1409925,1409925,5.0,5.0,12 de octubre - 2025,2025-10-12
誤判,https://www.palomitacas.com/pelicula/ficha/p1128650,1128650,7.0,7.0,02 de octubre - 2025,2025-10-02
Mufasa: El rey león,https://www.palomitacas.com/pelicula/ficha/p762509,762509,6.0,6.0,26 de septiembre - 2025,2025-09-26
Los Cuatro Fantásticos: Primeros pasos,https://www.palomitacas.com/pelicula/ficha/p617126,617126,6.0,6.0,26 de septiembre - 2025,2025-09-26
El infierno del odio,https://www.palomitacas.com/pelicula/ficha/p12493,12493,7.5,7.5,25 de septiembre - 2025,2025-09-25
El contable 2,https://www.palomitacas.com/pelicula/ficha/p870028,870028,6.0,6.0,21 de septiembre - 2025,2025-09-21
Tenor,https://www.palomitacas.com/pelicula/ficha/p936074,936074,6.5,6.5,19 de septiembre - 2025,2025-09-19
Nadie 2,https://www.palomitacas.com/pelicula/ficha/p1007734,1007734,4.5,4.5,14 de septiembre - 2025,2025-09-14
Misión: Imposible - Sentencia final,https://www.palomitacas.com/pelicula/ficha/p575265,575265,6.5,6.5,11 de septiembre - 2025,2025-09-11
Superman,https://www.palomitacas.com/pelicula/ficha/p1061474,1061474,4.0,4.0,25 de agosto - 2025,2025-08-25
El mar del Norte,https://www.palomitacas.com/pelicula/ficha/p623511,623511,6.0,6.0,14 de agosto - 2025,2025-08-14
La viuda negra,https://www.palomitacas.com/pelicula/ficha/p1397832,1397832,6.0,6.0,12 de agosto - 2025,2025-08-12
Jurassic World: El renacer,https://www.palomitacas.com/pelicula/ficha/p1234821,1234821,5.0,5.0,10 de agosto - 2025,2025-08-10
Ciudad sin ley,https://www.palomitacas.com/pelicula/ficha/p479718,479718,6.5,6.5,19 de julio - 2025,2025-07-19
Harta,https://www.palomitacas.com/pelicula/ficha/p1426776,1426776,6.5,6.5,18 de julio - 2025,2025-07-18
Cherry,https://www.palomitacas.com/pelicula/ficha/p544401,544401,6.5,6.5,17 de julio - 2025,2025-07-17
Bailarina,https://www.palomitacas.com/pelicula/ficha/p541671,541671,7.5,7.5,15 de julio - 2025,2025-07-15
Thunderbolts*,https://www.palomitacas.com/pelicula/ficha/p986056,986056,5.5,5.5,04 de julio - 2025,2025-07-04
Mickey 17,https://www.palomitacas.com/pelicula/ficha/p696506,696506,,,,
Le Ravissement,https://www.palomitacas.com/pelicula/ficha/p995757,995757,5.0,5.0,20 de junio - 2025,2025-06-20
キングダム 大将軍の帰還,https://www.palomitacas.com/pelicula/ficha/p1241320,1241320,7.0,7.0,16 de junio - 2025,2025-06-16
Kingdom 3: The Flame of Destiny,https://www.palomitacas.com/pelicula/ficha/p1061181,1061181,7.0,7.0,16 de junio - 2025,2025-06-16
Amateur,https://www.palomitacas.com/pelicula/ficha/p1087891,1087891,5.5,5.5,13 de junio - 2025,2025-06-13
Nowhere,https://www.palomitacas.com/pelicula/ficha/p1151534,1151534,7.0,7.0,09 de junio - 2025,2025-06-09
Drácula de Bram Stoker,https://www.palomitacas.com/pelicula/ficha/p6114,6114,5.0,5.0,08 de junio - 2025,2025-06-08
Anora,https://www.palomitacas.com/pelicula/ficha/p1064213,1064213,,,,
Los pecadores,https://www.palomitacas.com/pelicula/ficha/p1233413,1233413,6.0,6.0,03 de junio - 2025,2025-06-03
Destino final: Lazos de sangre,https://www.palomitacas.com/pelicula/ficha/p574475,574475,5.0,5.0,24 de mayo - 2025,2025-05-24
Estragos,https://www.palomitacas.com/pelicula/ficha/p668489,668489,5.0,5.0,22 de mayo - 2025,2025-05-22
Despertares,https://www.palomitacas.com/pelicula/ficha/p11005,11005,8.0,8.0,21 de mayo - 2025,2025-05-21
The Lunchbox,https://www.palomitacas.com/pelicula/ficha/p191714,191714,8.0,8.0,15 de mayo - 2025,2025-05-15
La cita,https://www.palomitacas.com/pelicula/ficha/p1249213,1249213,,,,
Capitán América: Brave New World,https://www.palomitacas.com/pelicula/ficha/p822119,822119,5.0,5.0,07 de mayo - 2025,2025-05-07
Mongol,https://www.palomitacas.com/pelicula/ficha/p12246,12246,7.0,7.0,03 de mayo - 2025,2025-05-03
Cónclave,https://www.palomitacas.com/pelicula/ficha/p974576,974576,7.5,7.5,24 de abril - 2025,2025-04-24
A Working Man,https://www.palomitacas.com/pelicula/ficha/p1197306,1197306,4.0,4.0,19 de abril - 2025,2025-04-19
Confidencial (Black Bag),https://www.palomitacas.com/pelicula/ficha/p1233575,1233575,5.5,5.5,17 de abril - 2025,2025-04-17
Seis Triple Ocho,https://www.palomitacas.com/pelicula/ficha/p1061699,1061699,6.5,6.5,13 de abril - 2025,2025-04-13
Andhadhun,https://www.palomitacas.com/pelicula/ficha/p534780,534780,7.5,7.5,04 de abril - 2025,2025-04-04
Un héroe anónimo,https://www.palomitacas.com/pelicula/ficha/p1115009,1115009,7.0,7.0,26 de marzo - 2025,2025-03-26
目中无人,https://www.palomitacas.com/pelicula/ficha/p983311,983311,6.0,6.0,04 de marzo - 2025,2025-03-04
Juego de Ladrones 2: Pantera,https://www.palomitacas.com/pelicula/ficha/p604685,604685,6.0,6.0,26 de febrero - 2025,2025-02-26
La acompañante,https://www.palomitacas.com/pelicula/ficha/p1084199,1084199,4.0,4.0,25 de febrero - 2025,2025-02-25
El abismo secreto,https://www.palomitacas.com/pelicula/ficha/p950396,950396,6.0,6.0,23 de febrero - 2025,2025-02-23
Robot salvaje,https://www.palomitacas.com/pelicula/ficha/p1184918,1184918,8.0,8.0,22 de febrero - 2025,2025-02-22
Amenaza en el aire,https://www.palomitacas.com/pelicula/ficha/p1126166,1126166,3.5,3.5,20 de febrero - 2025,2025-02-20
El contable,https://www.palomitacas.com/pelicula/ficha/p302946,302946,8.0,8.0,13 de febrero - 2025,2025-02-13
Juego de ladrones: El atraco perfecto,https://www.palomitacas.com/pelicula/ficha/p449443,449443,5.5,5.5,07 de febrero - 2025,2025-02-07
The Order,https://www.palomitacas.com/pelicula/ficha/p1082195,1082195,6.0,6.0,06 de febrero - 2025,2025-02-06
Alien: Romulus,https://www.palomitacas.com/pelicula/ficha/p945961,945961,5.5,5.5,05 de febrero - 2025,2025-02-05
El poder del perro,https://www.palomitacas.com/pelicula/ficha/p600583,600583,6.5,6.5,03 de febrero - 2025,2025-02-03
La mujer del momento,https://www.palomitacas.com/pelicula/ficha/p835113,835113,4.0,4.0,22 de enero - 2025,2025-01-22
Gladiator II,https://www.palomitacas.com/pelicula/ficha/p558449,558449,4.5,4.5,20 de enero - 2025,2025-01-20
Kraven the Hunter,https://www.palomitacas.com/pelicula/ficha/p539972,539972,5.5,5.5,20 de enero - 2025,2025-01-20
Kingdom 2: Far and Away,https://www.palomitacas.com/pelicula/ficha/p961420,961420,6.5,6.5,11 de enero - 2025,2025-01-11
Un ángel en nuestras vidas,https://www.palomitacas.com/pelicula/ficha/p770156,770156,6.5,6.5,11 de enero - 2025,2025-01-11
Venom: El último baile,https://www.palomitacas.com/pelicula/ficha/p912649,912649,4.0,4.0,12 de diciembre - 2024,2024-12-12
Jurado Nº 2,https://www.palomitacas.com/pelicula/ficha/p1106739,1106739,6.0,6.0,06 de diciembre - 2024,2024-12-06
Twilight of the Warriors: Walled In,https://www.palomitacas.com/pelicula/ficha/p923667,923667,7.0,7.0,26 de noviembre - 2024,2024-11-26
Fuera de las sombras,https://www.palomitacas.com/pelicula/ficha/p1151949,1151949,7.0,7.0,26 de noviembre - 2024,2024-11-26
Rita,https://www.palomitacas.com/pelicula/ficha/p1223663,1223663,4.0,4.0,24 de noviembre - 2024,2024-11-24
Armor,https://www.palomitacas.com/pelicula/ficha/p1182387,1182387,3.5,3.5,24 de noviembre - 2024,2024-11-24
El cuervo,https://www.palomitacas.com/pelicula/ficha/p957452,957452,4.0,4.0,14 de noviembre - 2024,2024-11-14
The Killer,https://www.palomitacas.com/pelicula/ficha/p970347,970347,5.0,5.0,10 de noviembre - 2024,2024-11-10
Mars Express,https://www.palomitacas.com/pelicula/ficha/p586810,586810,7.5,7.5,10 de noviembre - 2024,2024-11-10
Kingdom,https://www.palomitacas.com/pelicula/ficha/p554805,554805,5.5,5.5,06 de noviembre - 2024,2024-11-06
Los horrores de Caddo Lake,https://www.palomitacas.com/pelicula/ficha/p863873,863873,7.5,7.5,04 de noviembre - 2024,2024-11-04
La Sustancia,https://www.palomitacas.com/pelicula/ficha/p933260,933260,7.0,7.0,29 de octubre - 2024,2024-10-29
Sombras del pasado,https://www.palomitacas.com/pelicula/ficha/p978592,978592,5.0,5.0,23 de octubre - 2024,2024-10-23
The Killer's Game,https://www.palomitacas.com/pelicula/ficha/p507241,507241,5.5,5.5,21 de octubre - 2024,2024-10-21
Hellboy: The Crooked Man,https://www.palomitacas.com/pelicula/ficha/p1087822,1087822,3.5,3.5,09 de octubre - 2024,2024-10-09
Deadpool y Lobezno,https://www.palomitacas.com/pelicula/ficha/p533535,533535,6.5,6.5,06 de octubre - 2024,2024-10-06
Carandiru,https://www.palomitacas.com/pelicula/ficha/p8440,8440,7.5,7.5,03 de octubre - 2024,2024-10-03
Sangre por sangre,https://www.palomitacas.com/pelicula/ficha/p9702,9702,7.5,7.5,03 de octubre - 2024,2024-10-03
La trampa,https://www.palomitacas.com/pelicula/ficha/p1032823,1032823,4.0,4.0,28 de septiembre - 2024,2024-09-28
Rebel Ridge,https://www.palomitacas.com/pelicula/ficha/p646097,646097,6.0,6.0,24 de septiembre - 2024,2024-09-24
Kinds of Kindness,https://www.palomitacas.com/pelicula/ficha/p1029955,1029955,3.5,3.5,13 de septiembre - 2024,2024-09-13
Bienvenidos al ayer,https://www.palomitacas.com/pelicula/ficha/p227719,227719,5.0,5.0,11 de septiembre - 2024,2024-09-11
Longlegs,https://www.palomitacas.com/pelicula/ficha/p1226578,1226578,6.0,6.0,08 de septiembre - 2024,2024-09-08
Twisters,https://www.palomitacas.com/pelicula/ficha/p718821,718821,5.5,5.5,06 de septiembre - 2024,2024-09-06
MaXXXine,https://www.palomitacas.com/pelicula/ficha/p1023922,1023922,4.5,4.5,07 de agosto - 2024,2024-08-07
Un lugar tranquilo: Día uno,https://www.palomitacas.com/pelicula/ficha/p762441,762441,5.0,5.0,01 de agosto - 2024,2024-08-01
Furiosa: De la saga Mad Max,https://www.palomitacas.com/pelicula/ficha/p786892,786892,7.5,7.5,28 de julio - 2024,2024-07-28
Kung Fu Panda 4,https://www.palomitacas.com/pelicula/ficha/p1011985,1011985,6.5,6.5,25 de julio - 2024,2024-07-25
Bad Boys: Ride or Die,https://www.palomitacas.com/pelicula/ficha/p573435,573435,5.5,5.5,25 de julio - 2024,2024-07-25
El correo,https://www.palomitacas.com/pelicula/ficha/p1148713,1148713,6.5,6.5,21 de julio - 2024,2024-07-21
El reino del planeta de los simios,https://www.palomitacas.com/pelicula/ficha/p653346,653346,6.0,6.0,12 de julio - 2024,2024-07-12
Arthur,https://www.palomitacas.com/pelicula/ficha/p618588,618588,6.5,6.5,05 de julio - 2024,2024-07-05
Baki Hanma vs. Kengan Ashura,https://www.palomitacas.com/pelicula/ficha/p1263421,1263421,6.0,6.0,12 de junio - 2024,2024-06-12
Civil War,https://www.palomitacas.com/pelicula/ficha/p929590,929590,6.0,6.0,12 de junio - 2024,2024-06-12
Godzilla Minus One,https://www.palomitacas.com/pelicula/ficha/p940721,940721,6.5,6.5,05 de junio - 2024,2024-06-05
Los árboles de la paz,https://www.palomitacas.com/pelicula/ficha/p763073,763073,6.5,6.5,22 de mayo - 2024,2024-05-22
Dune: Parte dos,https://www.palomitacas.com/pelicula/ficha/p693134,693134,8.5,8.5,20 de mayo - 2024,2024-05-20
El peor vecino del mundo,https://www.palomitacas.com/pelicula/ficha/p937278,937278,8.0,8.0,13 de mayo - 2024,2024-05-13
Secretos de un escándalo,https://www.palomitacas.com/pelicula/ficha/p839369,839369,5.0,5.0,09 de mayo - 2024,2024-05-09
Abigail,https://www.palomitacas.com/pelicula/ficha/p1111873,1111873,5.5,5.5,09 de mayo - 2024,2024-05-09
Sangre en los labios,https://www.palomitacas.com/pelicula/ficha/p948549,948549,,,,
Rebel Moon (Parte dos): La guerrera que deja marcas,https://www.palomitacas.com/pelicula/ficha/p934632,934632,,,,
La isla mínima,https://www.palomitacas.com/pelicula/ficha/p236735,236735,6.0,6.0,29 de abril - 2024,2024-04-29
Knox Goes Away,https://www.palomitacas.com/pelicula/ficha/p972614,972614,7.5,7.5,29 de abril - 2024,2024-04-29
Dogman,https://www.palomitacas.com/pelicula/ficha/p944401,944401,6.5,6.5,28 de abril - 2024,2024-04-28
Monkey Man,https://www.palomitacas.com/pelicula/ficha/p560016,560016,6.0,6.0,27 de abril - 2024,2024-04-27
Dogman,https://www.palomitacas.com/pelicula/ficha/p483184,483184,6.5,6.5,25 de abril - 2024,2024-04-25
Point Break (Sin límites),https://www.palomitacas.com/pelicula/ficha/p257088,257088,8.0,8.0,12 de abril - 2024,2024-04-12
Siete almas,https://www.palomitacas.com/pelicula/ficha/p11321,11321,8.0,8.0,12 de abril - 2024,2024-04-12
Misión hostil,https://www.palomitacas.com/pelicula/ficha/p969492,969492,5.0,5.0,07 de abril - 2024,2024-04-07
Chronicle,https://www.palomitacas.com/pelicula/ficha/p76726,76726,7.0,7.0,01 de abril - 2024,2024-04-01
La zona de interés,https://www.palomitacas.com/pelicula/ficha/p467244,467244,6.0,6.0,22 de marzo - 2024,2024-03-22
Anatomía de una caída,https://www.palomitacas.com/pelicula/ficha/p915935,915935,8.0,8.0,18 de marzo - 2024,2024-03-18
Mad Max: Furia en la carretera,https://www.palomitacas.com/pelicula/ficha/p76341,76341,7.0,7.0,16 de marzo - 2024,2024-03-16
Ha nacido una estrella,https://www.palomitacas.com/pelicula/ficha/p332562,332562,7.5,7.5,16 de marzo - 2024,2024-03-16
La hija del pantano,https://www.palomitacas.com/pelicula/ficha/p798362,798362,5.5,5.5,28 de febrero - 2024,2024-02-28
Los Juegos Del Hambre: Balada De Pájaros Cantores Y Serpientes,https://www.palomitacas.com/pelicula/ficha/p695721,695721,6.0,6.0,27 de febrero - 2024,2024-02-27
Los asesinos de la luna,https://www.palomitacas.com/pelicula/ficha/p466420,466420,7.0,7.0,26 de febrero - 2024,2024-02-26
Beekeeper: El protector,https://www.palomitacas.com/pelicula/ficha/p866398,866398,5.5,5.5,03 de febrero - 2024,2024-02-03
Aquaman y el reino perdido,https://www.palomitacas.com/pelicula/ficha/p572802,572802,5.0,5.0,01 de febrero - 2024,2024-02-01
Garra,https://www.palomitacas.com/pelicula/ficha/p705861,705861,7.0,7.0,22 de enero - 2024,2024-01-22
El asesino,https://www.palomitacas.com/pelicula/ficha/p800158,800158,5.5,5.5,05 de enero - 2024,2024-01-05
Avatar,https://www.palomitacas.com/pelicula/ficha/p19995,19995,7.0,7.0,27 de diciembre - 2023,2023-12-27
El pacto,https://www.palomitacas.com/pelicula/ficha/p882569,882569,7.5,7.5,27 de diciembre - 2023,2023-12-27
Rebel Moon (Parte uno): La niña del fuego,https://www.palomitacas.com/pelicula/ficha/p848326,848326,5.5,5.5,24 de diciembre - 2023,2023-12-24
Hotel Rwanda,https://www.palomitacas.com/pelicula/ficha/p205,205,7.5,7.5,20 de diciembre - 2023,2023-12-20
Las Inocentes,https://www.palomitacas.com/pelicula/ficha/p364051,364051,7.0,7.0,14 de diciembre - 2023,2023-12-14
El escapista,https://www.palomitacas.com/pelicula/ficha/p14851,14851,6.5,6.5,09 de diciembre - 2023,2023-12-09
The Creator,https://www.palomitacas.com/pelicula/ficha/p670292,670292,6.0,6.0,09 de diciembre - 2023,2023-12-09
Golda,https://www.palomitacas.com/pelicula/ficha/p899524,899524,6.5,6.5,20 de noviembre - 2023,2023-11-20
Gran Turismo,https://www.palomitacas.com/pelicula/ficha/p980489,980489,7.5,7.5,15 de noviembre - 2023,2023-11-15
Headshot,https://www.palomitacas.com/pelicula/ficha/p403605,403605,5.5,5.5,02 de noviembre - 2023,2023-11-02
Los mercenarios 4,https://www.palomitacas.com/pelicula/ficha/p299054,299054,5.5,5.5,30 de octubre - 2023,2023-10-30
Misión: Imposible - Sentencia mortal parte uno,https://www.palomitacas.com/pelicula/ficha/p575264,575264,7.5,7.5,28 de octubre - 2023,2023-10-28
The Equalizer 3,https://www.palomitacas.com/pelicula/ficha/p926393,926393,6.0,6.0,28 de octubre - 2023,2023-10-28
Saw X,https://www.palomitacas.com/pelicula/ficha/p951491,951491,6.5,6.5,25 de octubre - 2023,2023-10-25
Blue Beetle,https://www.palomitacas.com/pelicula/ficha/p565770,565770,4.5,4.5,02 de octubre - 2023,2023-10-02
The Innocents,https://www.palomitacas.com/pelicula/ficha/p660942,660942,7.5,7.5,10 de septiembre - 2023,2023-09-10
La bala de Dios,https://www.palomitacas.com/pelicula/ficha/p808396,808396,4.5,4.5,24 de agosto - 2023,2023-08-24
¡Nop!,https://www.palomitacas.com/pelicula/ficha/p762504,762504,5.0,5.0,17 de agosto - 2023,2023-08-17
El valle de la venganza,https://www.palomitacas.com/pelicula/ficha/p291356,291356,5.5,5.5,17 de agosto - 2023,2023-08-17
Misántropo,https://www.palomitacas.com/pelicula/ficha/p605886,605886,7.0,7.0,09 de agosto - 2023,2023-08-09
Sisu,https://www.palomitacas.com/pelicula/ficha/p840326,840326,5.5,5.5,09 de agosto - 2023,2023-08-09
Tyler Rake 2,https://www.palomitacas.com/pelicula/ficha/p697843,697843,5.5,5.5,05 de agosto - 2023,2023-08-05
Flash,https://www.palomitacas.com/pelicula/ficha/p298618,298618,6.5,6.5,05 de agosto - 2023,2023-08-05
Transformers: El despertar de las bestias,https://www.palomitacas.com/pelicula/ficha/p667538,667538,6.0,6.0,20 de julio - 2023,2023-07-20
Guardianes de la Galaxia: Volumen 3,https://www.palomitacas.com/pelicula/ficha/p447365,447365,6.5,6.5,11 de julio - 2023,2023-07-11
Operación Kandahar,https://www.palomitacas.com/pelicula/ficha/p717930,717930,6.5,6.5,24 de junio - 2023,2023-06-24
Fast & Furious X,https://www.palomitacas.com/pelicula/ficha/p385687,385687,6.5,6.5,23 de junio - 2023,2023-06-23
John Wick 4,https://www.palomitacas.com/pelicula/ficha/p603692,603692,7.5,7.5,25 de mayo - 2023,2023-05-25
Boksoon debe morir,https://www.palomitacas.com/pelicula/ficha/p849869,849869,7.0,7.0,23 de mayo - 2023,2023-05-23
Guerrera (Sangre y honor),https://www.palomitacas.com/pelicula/ficha/p82529,82529,6.0,6.0,19 de mayo - 2023,2023-05-19
Renfield,https://www.palomitacas.com/pelicula/ficha/p649609,649609,5.5,5.5,10 de mayo - 2023,2023-05-10
Dungeons & Dragons: Honor entre ladrones,https://www.palomitacas.com/pelicula/ficha/p493529,493529,5.5,5.5,10 de mayo - 2023,2023-05-10
Ant-Man y la Avispa: Quantumanía,https://www.palomitacas.com/pelicula/ficha/p640146,640146,6.0,6.0,07 de mayo - 2023,2023-05-07
Alias,https://www.palomitacas.com/pelicula/ficha/p1102776,1102776,5.0,5.0,03 de mayo - 2023,2023-05-03
Creed III,https://www.palomitacas.com/pelicula/ficha/p677179,677179,5.5,5.5,10 de abril - 2023,2023-04-10
Ant-Man,https://www.palomitacas.com/pelicula/ficha/p102899,102899,5.0,5.0,08 de abril - 2023,2023-04-08
¡Shazam! La furia de los dioses,https://www.palomitacas.com/pelicula/ficha/p594767,594767,5.0,5.0,08 de abril - 2023,2023-04-08
El hobbit: La desolación de Smaug,https://www.palomitacas.com/pelicula/ficha/p57158,57158,7.5,7.5,08 de abril - 2023,2023-04-08
Operación Fortune: El gran engaño,https://www.palomitacas.com/pelicula/ficha/p739405,739405,5.5,5.5,03 de abril - 2023,2023-04-03
Avatar: El sentido del agua,https://www.palomitacas.com/pelicula/ficha/p76600,76600,7.5,7.5,30 de marzo - 2023,2023-03-30
El hobbit: Un viaje inesperado,https://www.palomitacas.com/pelicula/ficha/p49051,49051,7.5,7.5,20 de marzo - 2023,2023-03-20
Luther: Cae la noche,https://www.palomitacas.com/pelicula/ficha/p722149,722149,5.5,5.5,19 de marzo - 2023,2023-03-19
El extraño,https://www.palomitacas.com/pelicula/ficha/p848791,848791,6.0,6.0,18 de marzo - 2023,2023-03-18
La ballena,https://www.palomitacas.com/pelicula/ficha/p785084,785084,6.0,6.0,12 de marzo - 2023,2023-03-12
Living,https://www.palomitacas.com/pelicula/ficha/p760099,760099,8.0,8.0,11 de marzo - 2023,2023-03-11
Dangal,https://www.palomitacas.com/pelicula/ficha/p360814,360814,8.5,8.5,02 de marzo - 2023,2023-03-02
Infinity Pool,https://www.palomitacas.com/pelicula/ficha/p667216,667216,5.0,5.0,27 de febrero - 2023,2023-02-27
Embaucadores,https://www.palomitacas.com/pelicula/ficha/p717980,717980,5.5,5.5,27 de febrero - 2023,2023-02-27
Carter,https://www.palomitacas.com/pelicula/ficha/p800345,800345,4.0,4.0,20 de febrero - 2023,2023-02-20
A Small Fortune,https://www.palomitacas.com/pelicula/ficha/p866718,866718,4.5,4.5,14 de febrero - 2023,2023-02-14
El piloto,https://www.palomitacas.com/pelicula/ficha/p646389,646389,5.0,5.0,12 de febrero - 2023,2023-02-12
Las nadadoras,https://www.palomitacas.com/pelicula/ficha/p821881,821881,7.0,7.0,10 de febrero - 2023,2023-02-10
Tigre Blanco,https://www.palomitacas.com/pelicula/ficha/p628534,628534,7.0,7.0,02 de febrero - 2023,2023-02-02
Puñales por la espalda: El misterio de Glass Onion,https://www.palomitacas.com/pelicula/ficha/p661374,661374,6.0,6.0,01 de febrero - 2023,2023-02-01
Black Panther: Wakanda Forever,https://www.palomitacas.com/pelicula/ficha/p505642,505642,6.0,6.0,01 de febrero - 2023,2023-02-01
Transfusion,https://www.palomitacas.com/pelicula/ficha/p842544,842544,5.5,5.5,30 de enero - 2023,2023-01-30
Hunt. Caza al espía,https://www.palomitacas.com/pelicula/ficha/p727340,727340,6.5,6.5,27 de enero - 2023,2023-01-27
JUNG_E,https://www.palomitacas.com/pelicula/ficha/p843794,843794,6.0,6.0,25 de enero - 2023,2023-01-25
Todo a la vez en todas partes,https://www.palomitacas.com/pelicula/ficha/p545611,545611,6.0,6.0,24 de enero - 2023,2023-01-24
El menú,https://www.palomitacas.com/pelicula/ficha/p593643,593643,6.0,6.0,23 de enero - 2023,2023-01-23
Project Wolf Hunting,https://www.palomitacas.com/pelicula/ficha/p799379,799379,5.0,5.0,18 de enero - 2023,2023-01-18
The Witch: Part 2. The Other One,https://www.palomitacas.com/pelicula/ficha/p615173,615173,6.5,6.5,10 de enero - 2023,2023-01-10
Fuerza bruta,https://www.palomitacas.com/pelicula/ficha/p619803,619803,6.0,6.0,08 de enero - 2023,2023-01-08
Lou,https://www.palomitacas.com/pelicula/ficha/p429473,429473,6.5,6.5,02 de enero - 2023,2023-01-02
The Witch: Part 1 - The Subversion,https://www.palomitacas.com/pelicula/ficha/p530254,530254,7.5,7.5,26 de diciembre - 2022,2022-12-26
Silencio de hielo,https://www.palomitacas.com/pelicula/ficha/p60534,60534,7.0,7.0,24 de diciembre - 2022,2022-12-24
ヘルドッグス 地獄の犬たち,https://www.palomitacas.com/pelicula/ficha/p910371,910371,7.5,7.5,24 de diciembre - 2022,2022-12-24
La ley de Teherán,https://www.palomitacas.com/pelicula/ficha/p583794,583794,7.5,7.5,20 de diciembre - 2022,2022-12-20
Emergencia en el aire,https://www.palomitacas.com/pelicula/ficha/p626872,626872,7.0,7.0,20 de diciembre - 2022,2022-12-20
Los renglones torcidos de Dios,https://www.palomitacas.com/pelicula/ficha/p890980,890980,7.5,7.5,18 de diciembre - 2022,2022-12-18
La guerra del futuro,https://www.palomitacas.com/pelicula/ficha/p518896,518896,5.5,5.5,10 de diciembre - 2022,2022-12-10
Il mio nome è vendetta,https://www.palomitacas.com/pelicula/ficha/p873126,873126,5.5,5.5,01 de diciembre - 2022,2022-12-01
La mujer rey,https://www.palomitacas.com/pelicula/ficha/p724495,724495,5.5,5.5,30 de noviembre - 2022,2022-11-30
Black Adam,https://www.palomitacas.com/pelicula/ficha/p436270,436270,6.0,6.0,21 de noviembre - 2022,2022-11-21
Sin novedad en el frente,https://www.palomitacas.com/pelicula/ficha/p49046,49046,6.0,6.0,15 de noviembre - 2022,2022-11-15
El banquero,https://www.palomitacas.com/pelicula/ficha/p627725,627725,,,,
Finch,https://www.palomitacas.com/pelicula/ficha/p522402,522402,6.0,6.0,11 de noviembre - 2022,2022-11-11
2046,https://www.palomitacas.com/pelicula/ficha/p844,844,5.5,5.5,10 de noviembre - 2022,2022-11-10
El ángel de la muerte,https://www.palomitacas.com/pelicula/ficha/p541134,541134,5.5,5.5,02 de noviembre - 2022,2022-11-02
An American Crime,https://www.palomitacas.com/pelicula/ficha/p13008,13008,7.0,7.0,27 de octubre - 2022,2022-10-27
Triangle,https://www.palomitacas.com/pelicula/ficha/p26466,26466,6.5,6.5,22 de octubre - 2022,2022-10-22
"Buenas noches, mamá",https://www.palomitacas.com/pelicula/ficha/p284303,284303,6.5,6.5,21 de octubre - 2022,2022-10-21
Bullet Train,https://www.palomitacas.com/pelicula/ficha/p718930,718930,6.0,6.0,15 de octubre - 2022,2022-10-15
Predator: La presa,https://www.palomitacas.com/pelicula/ficha/p766507,766507,5.5,5.5,14 de octubre - 2022,2022-10-14
La reina de Katwe,https://www.palomitacas.com/pelicula/ficha/p317557,317557,7.5,7.5,14 de octubre - 2022,2022-10-14
Camp X-Ray,https://www.palomitacas.com/pelicula/ficha/p244506,244506,6.5,6.5,23 de septiembre - 2022,2022-09-23
Emily the Criminal,https://www.palomitacas.com/pelicula/ficha/p862965,862965,6.0,6.0,22 de septiembre - 2022,2022-09-22
Tres mil años esperándote,https://www.palomitacas.com/pelicula/ficha/p556694,556694,,,,
La hija oscura,https://www.palomitacas.com/pelicula/ficha/p554230,554230,5.5,5.5,20 de septiembre - 2022,2022-09-20
Black Phone,https://www.palomitacas.com/pelicula/ficha/p756999,756999,6.0,6.0,16 de septiembre - 2022,2022-09-16
Héroes en el infierno,https://www.palomitacas.com/pelicula/ficha/p395991,395991,7.0,7.0,15 de septiembre - 2022,2022-09-15
The Mauritanian,https://www.palomitacas.com/pelicula/ficha/p644583,644583,7.5,7.5,10 de septiembre - 2022,2022-09-10
El discurso del rey,https://www.palomitacas.com/pelicula/ficha/p45269,45269,8.5,8.5,09 de septiembre - 2022,2022-09-09
La chica salvaje,https://www.palomitacas.com/pelicula/ficha/p682507,682507,7.0,7.0,08 de septiembre - 2022,2022-09-08
Fall,https://www.palomitacas.com/pelicula/ficha/p985939,985939,5.5,5.5,04 de septiembre - 2022,2022-09-04
Perdidos en el Ártico,https://www.palomitacas.com/pelicula/ficha/p836009,836009,6.0,6.0,26 de agosto - 2022,2022-08-26
El agente invisible,https://www.palomitacas.com/pelicula/ficha/p725201,725201,6.0,6.0,22 de agosto - 2022,2022-08-22
Top Gun: Maverick,https://www.palomitacas.com/pelicula/ficha/p361743,361743,8.5,8.5,17 de agosto - 2022,2022-08-17
Mass,https://www.palomitacas.com/pelicula/ficha/p423333,423333,6.5,6.5,02 de agosto - 2022,2022-08-02
Shorta. El peso de la ley,https://www.palomitacas.com/pelicula/ficha/p711017,711017,7.0,7.0,28 de julio - 2022,2022-07-28
Más dura será la caída,https://www.palomitacas.com/pelicula/ficha/p618162,618162,7.0,7.0,26 de julio - 2022,2022-07-26
Atómica,https://www.palomitacas.com/pelicula/ficha/p341013,341013,6.0,6.0,24 de julio - 2022,2022-07-24
T-34 Héroes de acero,https://www.palomitacas.com/pelicula/ficha/p505954,505954,6.5,6.5,24 de julio - 2022,2022-07-24
Imperdonable,https://www.palomitacas.com/pelicula/ficha/p645886,645886,8.0,8.0,06 de julio - 2022,2022-07-06
Justice Society: World War II,https://www.palomitacas.com/pelicula/ficha/p736069,736069,6.5,6.5,05 de julio - 2022,2022-07-05
Vidas de papel,https://www.palomitacas.com/pelicula/ficha/p785534,785534,6.5,6.5,04 de julio - 2022,2022-07-04
Doctor Strange en el multiverso de la locura,https://www.palomitacas.com/pelicula/ficha/p453395,453395,6.0,6.0,29 de junio - 2022,2022-06-29
El último duelo,https://www.palomitacas.com/pelicula/ficha/p617653,617653,7.0,7.0,23 de junio - 2022,2022-06-23
La aspirante,https://www.palomitacas.com/pelicula/ficha/p821427,821427,6.0,6.0,21 de junio - 2022,2022-06-21
A Hard Day,https://www.palomitacas.com/pelicula/ficha/p269494,269494,7.5,7.5,21 de junio - 2022,2022-06-21
Ray Donovan: The Movie,https://www.palomitacas.com/pelicula/ficha/p800425,800425,6.5,6.5,16 de junio - 2022,2022-06-16
El canto del cisne,https://www.palomitacas.com/pelicula/ficha/p765245,765245,7.5,7.5,10 de junio - 2022,2022-06-10
El sastre de la mafia,https://www.palomitacas.com/pelicula/ficha/p799876,799876,7.0,7.0,07 de junio - 2022,2022-06-07
Straight Outta Compton,https://www.palomitacas.com/pelicula/ficha/p277216,277216,7.5,7.5,04 de junio - 2022,2022-06-04
Uncharted,https://www.palomitacas.com/pelicula/ficha/p335787,335787,5.5,5.5,02 de junio - 2022,2022-06-02
Morbius,https://www.palomitacas.com/pelicula/ficha/p526896,526896,6.5,6.5,01 de junio - 2022,2022-06-01
Animales Fantásticos: Los Secretos de Dumbledore,https://www.palomitacas.com/pelicula/ficha/p338953,338953,6.0,6.0,31 de mayo - 2022,2022-05-31
El Hombre del Norte,https://www.palomitacas.com/pelicula/ficha/p639933,639933,5.0,5.0,22 de mayo - 2022,2022-05-22
La memoria del asesino,https://www.palomitacas.com/pelicula/ficha/p24860,24860,7.5,7.5,13 de mayo - 2022,2022-05-13
The Batman,https://www.palomitacas.com/pelicula/ficha/p414906,414906,8.0,8.0,29 de abril - 2022,2022-04-29
Ambulance: Plan de Huida,https://www.palomitacas.com/pelicula/ficha/p763285,763285,6.0,6.0,24 de abril - 2022,2022-04-24
Seobok,https://www.palomitacas.com/pelicula/ficha/p586047,586047,6.5,6.5,17 de abril - 2022,2022-04-17
A Dark Foe,https://www.palomitacas.com/pelicula/ficha/p525989,525989,4.0,4.0,13 de abril - 2022,2022-04-13
Cuestión de sangre,https://www.palomitacas.com/pelicula/ficha/p616651,616651,7.0,7.0,12 de abril - 2022,2022-04-12
Cangrejo Negro,https://www.palomitacas.com/pelicula/ficha/p760868,760868,5.0,5.0,05 de abril - 2022,2022-04-05
Reminiscencia,https://www.palomitacas.com/pelicula/ficha/p579047,579047,5.0,5.0,03 de abril - 2022,2022-04-03
내일의 기억,https://www.palomitacas.com/pelicula/ficha/p602302,602302,7.0,7.0,24 de marzo - 2022,2022-03-24
Spider-Man: No Way Home,https://www.palomitacas.com/pelicula/ficha/p634649,634649,6.5,6.5,14 de marzo - 2022,2022-03-14
Snake Eyes: El origen,https://www.palomitacas.com/pelicula/ficha/p568620,568620,4.5,4.5,07 de marzo - 2022,2022-03-07
Código desconocido,https://www.palomitacas.com/pelicula/ficha/p30970,30970,5.0,5.0,05 de marzo - 2022,2022-03-05
A Shot Through the Wall,https://www.palomitacas.com/pelicula/ficha/p747546,747546,5.0,5.0,05 de marzo - 2022,2022-03-05
The King's Man: La Primera Misión,https://www.palomitacas.com/pelicula/ficha/p476669,476669,6.0,6.0,21 de febrero - 2022,2022-02-21
Palmer,https://www.palomitacas.com/pelicula/ficha/p458220,458220,6.5,6.5,01 de febrero - 2022,2022-02-01
Mula,https://www.palomitacas.com/pelicula/ficha/p504172,504172,7.0,7.0,26 de enero - 2022,2022-01-26
Jinetes de la justicia,https://www.palomitacas.com/pelicula/ficha/p663870,663870,6.0,6.0,20 de enero - 2022,2022-01-20
Eternals,https://www.palomitacas.com/pelicula/ficha/p524434,524434,5.5,5.5,17 de enero - 2022,2022-01-17
Cazafantasmas: Más allá,https://www.palomitacas.com/pelicula/ficha/p425909,425909,5.0,5.0,06 de enero - 2022,2022-01-06
No mires arriba,https://www.palomitacas.com/pelicula/ficha/p646380,646380,7.0,7.0,06 de enero - 2022,2022-01-06
Luchar o morir,https://www.palomitacas.com/pelicula/ficha/p629017,629017,5.0,5.0,01 de enero - 2022,2022-01-01
Richard Jewell,https://www.palomitacas.com/pelicula/ficha/p292011,292011,7.0,7.0,28 de diciembre - 2021,2021-12-28
Matrix Resurrections,https://www.palomitacas.com/pelicula/ficha/p624860,624860,6.0,6.0,26 de diciembre - 2021,2021-12-26
Los Increíbles 2,https://www.palomitacas.com/pelicula/ficha/p260513,260513,7.0,7.0,24 de diciembre - 2021,2021-12-24
Padmaavat,https://www.palomitacas.com/pelicula/ficha/p432527,432527,6.5,6.5,22 de diciembre - 2021,2021-12-22
Investigación paralela,https://www.palomitacas.com/pelicula/ficha/p21946,21946,6.5,6.5,18 de diciembre - 2021,2021-12-18
Sin tiempo para morir,https://www.palomitacas.com/pelicula/ficha/p370172,370172,7.0,7.0,18 de diciembre - 2021,2021-12-18
7 prisioneros,https://www.palomitacas.com/pelicula/ficha/p785538,785538,6.5,6.5,09 de diciembre - 2021,2021-12-09
Raging Fire,https://www.palomitacas.com/pelicula/ficha/p513692,513692,7.5,7.5,28 de noviembre - 2021,2021-11-28
Campeones,https://www.palomitacas.com/pelicula/ficha/p456929,456929,8.0,8.0,27 de noviembre - 2021,2021-11-27
The Way Back,https://www.palomitacas.com/pelicula/ficha/p529485,529485,7.0,7.0,27 de noviembre - 2021,2021-11-27
Venom: Habrá Matanza,https://www.palomitacas.com/pelicula/ficha/p580489,580489,5.0,5.0,13 de noviembre - 2021,2021-11-13
Venom,https://www.palomitacas.com/pelicula/ficha/p335983,335983,6.0,6.0,13 de noviembre - 2021,2021-11-13
Crisis,https://www.palomitacas.com/pelicula/ficha/p580532,580532,6.5,6.5,12 de noviembre - 2021,2021-11-12
Titane,https://www.palomitacas.com/pelicula/ficha/p630240,630240,4.0,4.0,04 de noviembre - 2021,2021-11-04
El señor de los anillos: Las dos torres,https://www.palomitacas.com/pelicula/ficha/p121,121,9.0,9.0,04 de noviembre - 2021,2021-11-04
Forrest Gump,https://www.palomitacas.com/pelicula/ficha/p13,13,8.5,8.5,04 de noviembre - 2021,2021-11-04
V de Vendetta,https://www.palomitacas.com/pelicula/ficha/p752,752,8.0,8.0,04 de noviembre - 2021,2021-11-04
El rey león,https://www.palomitacas.com/pelicula/ficha/p8587,8587,8.0,8.0,04 de noviembre - 2021,2021-11-04
Matrix,https://www.palomitacas.com/pelicula/ficha/p603,603,9.0,9.0,04 de noviembre - 2021,2021-11-04
Copshop,https://www.palomitacas.com/pelicula/ficha/p738652,738652,5.5,5.5,25 de octubre - 2021,2021-10-25
Dune,https://www.palomitacas.com/pelicula/ficha/p438631,438631,7.5,7.5,18 de octubre - 2021,2021-11-04
Mowgli: La leyenda de la selva,https://www.palomitacas.com/pelicula/ficha/p407436,407436,6.5,6.5,13 de octubre - 2021,2021-10-13
Blush,https://www.palomitacas.com/pelicula/ficha/p818350,818350,7.5,7.5,06 de octubre - 2021,2021-10-06
BAC Nord: Brigada de Investigación Criminal,https://www.palomitacas.com/pelicula/ficha/p637534,637534,6.0,6.0,04 de octubre - 2021,2021-10-04
El caballero verde,https://www.palomitacas.com/pelicula/ficha/p559907,559907,5.5,5.5,02 de octubre - 2021,2021-10-02
Tiempo,https://www.palomitacas.com/pelicula/ficha/p631843,631843,5.0,5.0,25 de septiembre - 2021,2021-09-25
Profesor Lazhar,https://www.palomitacas.com/pelicula/ficha/p78480,78480,6.0,6.0,25 de septiembre - 2021,2021-09-25
El señor de los anillos: La comunidad del anillo,https://www.palomitacas.com/pelicula/ficha/p120,120,9.0,9.0,24 de septiembre - 2021,2021-09-24
Air Force One (El avión del presidente),https://www.palomitacas.com/pelicula/ficha/p9772,9772,6.5,6.5,24 de septiembre - 2021,2021-09-24
Kate,https://www.palomitacas.com/pelicula/ficha/p597891,597891,5.0,5.0,24 de septiembre - 2021,2021-09-24
No respires 2,https://www.palomitacas.com/pelicula/ficha/p482373,482373,5.5,5.5,18 de septiembre - 2021,2021-09-18
Polisse,https://www.palomitacas.com/pelicula/ficha/p71157,71157,7.5,7.5,16 de septiembre - 2021,2021-09-16
Buried (Enterrado),https://www.palomitacas.com/pelicula/ficha/p26388,26388,7.5,7.5,13 de septiembre - 2021,2021-09-13
Oxígeno,https://www.palomitacas.com/pelicula/ficha/p471498,471498,7.5,7.5,13 de septiembre - 2021,2021-09-13
Overheard,https://www.palomitacas.com/pelicula/ficha/p24889,24889,7.5,7.5,12 de septiembre - 2021,2021-09-12
Nido de víboras,https://www.palomitacas.com/pelicula/ficha/p571648,571648,7.5,7.5,07 de septiembre - 2021,2021-09-07
Secretos de Estado,https://www.palomitacas.com/pelicula/ficha/p393624,393624,7.5,7.5,01 de septiembre - 2021,2021-09-01
Muere otra vez,https://www.palomitacas.com/pelicula/ficha/p513310,513310,5.5,5.5,30 de agosto - 2021,2021-08-30
"Kenshin, el guerrero samurái: El principio",https://www.palomitacas.com/pelicula/ficha/p672322,672322,6.5,6.5,23 de agosto - 2021,2021-08-23
Sweet Girl,https://www.palomitacas.com/pelicula/ficha/p619297,619297,5.5,5.5,23 de agosto - 2021,2021-08-23
El Escuadrón Suicida,https://www.palomitacas.com/pelicula/ficha/p436969,436969,5.5,5.5,23 de agosto - 2021,2021-08-23
The King,https://www.palomitacas.com/pelicula/ficha/p504949,504949,7.0,7.0,21 de agosto - 2021,2021-08-21
Way Down,https://www.palomitacas.com/pelicula/ficha/p630004,630004,6.0,6.0,21 de agosto - 2021,2021-08-21
La increíble historia de la Isla de las Rosas,https://www.palomitacas.com/pelicula/ficha/p636565,636565,6.0,6.0,17 de agosto - 2021,2021-08-17
Cruella,https://www.palomitacas.com/pelicula/ficha/p337404,337404,7.0,7.0,14 de agosto - 2021,2021-08-14
1987: When the Day Comes,https://www.palomitacas.com/pelicula/ficha/p437103,437103,8.0,8.0,13 de agosto - 2021,2021-08-13
Ni un paso en falso,https://www.palomitacas.com/pelicula/ficha/p649409,649409,6.0,6.0,06 de agosto - 2021,2021-08-06
El último mercenario,https://www.palomitacas.com/pelicula/ficha/p729720,729720,5.0,5.0,06 de agosto - 2021,2021-08-06
Juan Luis Guerra 4.40: Entre Mar Y Palmeras,https://www.palomitacas.com/pelicula/ficha/p831979,831979,9.0,9.0,02 de agosto - 2021,2021-08-02
Rompesistema,https://www.palomitacas.com/pelicula/ficha/p567410,567410,7.0,7.0,30 de julio - 2021,2021-07-30
The War Below,https://www.palomitacas.com/pelicula/ficha/p810413,810413,6.5,6.5,30 de julio - 2021,2021-07-30
Fast & Furious 9,https://www.palomitacas.com/pelicula/ficha/p385128,385128,5.5,5.5,29 de julio - 2021,2021-07-29
Blood Red Sky,https://www.palomitacas.com/pelicula/ficha/p760883,760883,6.5,6.5,27 de julio - 2021,2021-07-27
Inuyashiki,https://www.palomitacas.com/pelicula/ficha/p447743,447743,7.0,7.0,26 de julio - 2021,2021-07-26
Pequeños detalles,https://www.palomitacas.com/pelicula/ficha/p602269,602269,6.5,6.5,25 de julio - 2021,2021-07-25
La lección de alemán,https://www.palomitacas.com/pelicula/ficha/p500245,500245,6.0,6.0,22 de julio - 2021,2021-07-22
Gunpowder Milkshake (Cóctel explosivo),https://www.palomitacas.com/pelicula/ficha/p574060,574060,5.0,5.0,18 de julio - 2021,2021-07-18
El otro guardaespaldas 2,https://www.palomitacas.com/pelicula/ficha/p522931,522931,5.5,5.5,15 de julio - 2021,2021-07-15
La llegada,https://www.palomitacas.com/pelicula/ficha/p329865,329865,7.0,7.0,13 de julio - 2021,2021-07-13
Luca,https://www.palomitacas.com/pelicula/ficha/p508943,508943,7.0,7.0,13 de julio - 2021,2021-07-13
Thelma,https://www.palomitacas.com/pelicula/ficha/p401898,401898,6.0,6.0,13 de julio - 2021,2021-07-13
El guardián invisible,https://www.palomitacas.com/pelicula/ficha/p392207,392207,6.5,6.5,11 de julio - 2021,2021-07-11
Viuda negra,https://www.palomitacas.com/pelicula/ficha/p497698,497698,5.5,5.5,10 de julio - 2021,2021-07-10
Nadie,https://www.palomitacas.com/pelicula/ficha/p615457,615457,7.5,7.5,05 de julio - 2021,2021-07-05
The Tomorrow War,https://www.palomitacas.com/pelicula/ficha/p588228,588228,6.0,6.0,04 de julio - 2021,2021-07-04
Rogue Hostage,https://www.palomitacas.com/pelicula/ficha/p825997,825997,5.0,5.0,27 de junio - 2021,2021-06-27
El sonido del metal,https://www.palomitacas.com/pelicula/ficha/p502033,502033,6.5,6.5,27 de junio - 2021,2021-06-27
Guardianes de la Noche: Tren infinito,https://www.palomitacas.com/pelicula/ficha/p635302,635302,8.0,8.0,24 de junio - 2021,2021-06-24
Cuestión de justicia,https://www.palomitacas.com/pelicula/ficha/p522212,522212,7.5,7.5,23 de junio - 2021,2021-06-23
Fullmetal Alchemist,https://www.palomitacas.com/pelicula/ficha/p426285,426285,5.5,5.5,22 de junio - 2021,2021-06-22
Mortal Kombat,https://www.palomitacas.com/pelicula/ficha/p460465,460465,6.5,6.5,19 de junio - 2021,2021-06-19
El oficial y el espía,https://www.palomitacas.com/pelicula/ficha/p399121,399121,7.5,7.5,13 de junio - 2021,2021-06-13
Casa ajena,https://www.palomitacas.com/pelicula/ficha/p575774,575774,5.5,5.5,11 de junio - 2021,2021-06-11
Brotherhood of Blades II: The Infernal Battlefield,https://www.palomitacas.com/pelicula/ficha/p457837,457837,6.0,6.0,08 de junio - 2021,2021-06-08
The Night Comes For Us,https://www.palomitacas.com/pelicula/ficha/p449992,449992,7.0,7.0,01 de junio - 2021,2021-06-01
Ejército de los muertos,https://www.palomitacas.com/pelicula/ficha/p503736,503736,5.0,5.0,30 de mayo - 2021,2021-05-30
Despierta la furia,https://www.palomitacas.com/pelicula/ficha/p637649,637649,7.0,7.0,30 de mayo - 2021,2021-05-30
Aquellos que desean mi muerte,https://www.palomitacas.com/pelicula/ficha/p578701,578701,5.5,5.5,21 de mayo - 2021,2021-05-21
Acusado,https://www.palomitacas.com/pelicula/ficha/p15822,15822,5.5,5.5,11 de mayo - 2021,2021-05-11
Disparando a perros (Shooting Dogs),https://www.palomitacas.com/pelicula/ficha/p8588,8588,7.5,7.5,09 de mayo - 2021,2021-05-09
"Je vais bien, ne t'en fais pas",https://www.palomitacas.com/pelicula/ficha/p1254,1254,7.5,7.5,08 de mayo - 2021,2021-05-08
La Liga de la Justicia Oscura,https://www.palomitacas.com/pelicula/ficha/p408220,408220,7.0,7.0,21 de abril - 2021,2021-04-21
La Liga de la Justicia de Zack Snyder,https://www.palomitacas.com/pelicula/ficha/p791373,791373,9.0,9.0,20 de abril - 2021,2021-04-20
El blues de Beale Street,https://www.palomitacas.com/pelicula/ficha/p465914,465914,6.0,6.0,20 de abril - 2021,2021-04-20
Una joven prometedora,https://www.palomitacas.com/pelicula/ficha/p582014,582014,7.5,7.5,17 de abril - 2021,2021-04-17
El instante más oscuro,https://www.palomitacas.com/pelicula/ficha/p399404,399404,7.5,7.5,10 de abril - 2021,2021-04-10
El séptimo sello,https://www.palomitacas.com/pelicula/ficha/p490,490,7.0,7.0,06 de abril - 2021,2021-04-06
Hotel Coppelia,https://www.palomitacas.com/pelicula/ficha/p676150,676150,5.0,5.0,05 de abril - 2021,2021-04-05
Godzilla vs Kong,https://www.palomitacas.com/pelicula/ficha/p399566,399566,6.0,6.0,04 de abril - 2021,2021-04-04
The Banquet,https://www.palomitacas.com/pelicula/ficha/p14449,14449,6.0,6.0,23 de marzo - 2021,2021-03-23
Masquerade,https://www.palomitacas.com/pelicula/ficha/p133200,133200,7.5,7.5,20 de marzo - 2021,2021-03-20
Salvaje,https://www.palomitacas.com/pelicula/ficha/p625568,625568,6.0,6.0,19 de marzo - 2021,2021-03-19
Raya y el último dragón,https://www.palomitacas.com/pelicula/ficha/p527774,527774,5.5,5.5,15 de marzo - 2021,2021-03-15
AK-47,https://www.palomitacas.com/pelicula/ficha/p592279,592279,6.5,6.5,15 de marzo - 2021,2021-03-15
Punto rojo,https://www.palomitacas.com/pelicula/ficha/p649087,649087,5.0,5.0,10 de marzo - 2021,2021-03-10
Brian Banks: nunca es tarde,https://www.palomitacas.com/pelicula/ficha/p535845,535845,7.5,7.5,10 de marzo - 2021,2021-03-10
"De tal padre, tal hijo",https://www.palomitacas.com/pelicula/ficha/p177945,177945,6.0,6.0,22 de febrero - 2021,2021-02-22
Monster Hunter,https://www.palomitacas.com/pelicula/ficha/p458576,458576,4.5,4.5,19 de febrero - 2021,2021-02-19
Alerta roja,https://www.palomitacas.com/pelicula/ficha/p581387,581387,6.0,6.0,13 de febrero - 2021,2021-02-13
Hwayi: A Monster Boy,https://www.palomitacas.com/pelicula/ficha/p214910,214910,7.0,7.0,13 de febrero - 2021,2021-02-13
Largo domingo de noviazgo,https://www.palomitacas.com/pelicula/ficha/p2841,2841,7.5,7.5,26 de enero - 2021,2021-01-26
Loki 7,https://www.palomitacas.com/pelicula/ficha/p412338,412338,6.0,6.0,26 de enero - 2021,2021-01-26
Pájaros de verano,https://www.palomitacas.com/pelicula/ficha/p438146,438146,7.0,7.0,21 de enero - 2021,2021-01-21
El Caso Willingham,https://www.palomitacas.com/pelicula/ficha/p481880,481880,7.0,7.0,11 de enero - 2021,2021-01-11
Operation Finale,https://www.palomitacas.com/pelicula/ficha/p493551,493551,6.0,6.0,05 de enero - 2021,2021-01-05
Monsters of Man,https://www.palomitacas.com/pelicula/ficha/p733317,733317,5.5,5.5,01 de enero - 2021,2021-01-01
Tenet,https://www.palomitacas.com/pelicula/ficha/p577922,577922,8.0,8.0,29 de diciembre - 2020,2020-12-29
7 Cajas,https://www.palomitacas.com/pelicula/ficha/p127847,127847,7.0,7.0,29 de diciembre - 2020,2020-12-29
Wonder Woman 1984,https://www.palomitacas.com/pelicula/ficha/p464052,464052,5.5,5.5,28 de diciembre - 2020,2020-12-28
Songbird,https://www.palomitacas.com/pelicula/ficha/p721625,721625,6.0,6.0,24 de diciembre - 2020,2020-12-24
El diablo a todas horas,https://www.palomitacas.com/pelicula/ficha/p499932,499932,6.0,6.0,14 de diciembre - 2020,2020-12-14
Luce,https://www.palomitacas.com/pelicula/ficha/p492616,492616,7.0,7.0,06 de diciembre - 2020,2020-12-06
Good Time,https://www.palomitacas.com/pelicula/ficha/p429200,429200,5.5,5.5,29 de noviembre - 2020,2020-11-29
El amor menos pensado,https://www.palomitacas.com/pelicula/ficha/p535683,535683,6.5,6.5,21 de noviembre - 2020,2020-11-21
Durante la tormenta,https://www.palomitacas.com/pelicula/ficha/p529216,529216,6.5,6.5,18 de noviembre - 2020,2020-11-18
El Culpable,https://www.palomitacas.com/pelicula/ficha/p486947,486947,8.0,8.0,14 de noviembre - 2020,2020-11-14
"María, reina de Escocia",https://www.palomitacas.com/pelicula/ficha/p457136,457136,6.5,6.5,12 de noviembre - 2020,2020-11-12
Harriet: En busca de la libertad,https://www.palomitacas.com/pelicula/ficha/p506528,506528,7.0,7.0,10 de noviembre - 2020,2020-11-10
Rey Arturo: la leyenda de Excalibur,https://www.palomitacas.com/pelicula/ficha/p274857,274857,6.0,6.0,01 de noviembre - 2020,2020-11-01
Black Mirror Bandersnatch,https://www.palomitacas.com/pelicula/ficha/p569547,569547,4.0,4.0,23 de octubre - 2020,2020-10-23
Mientras duermes,https://www.palomitacas.com/pelicula/ficha/p77495,77495,6.5,6.5,18 de octubre - 2020,2020-10-18
Hierro 3,https://www.palomitacas.com/pelicula/ficha/p1280,1280,6.0,6.0,16 de octubre - 2020,2020-10-16
Kontroll,https://www.palomitacas.com/pelicula/ficha/p5204,5204,5.5,5.5,16 de octubre - 2020,2020-10-16
Nosotros,https://www.palomitacas.com/pelicula/ficha/p458723,458723,7.0,7.0,11 de octubre - 2020,2020-10-11
The Old Man & the Gun,https://www.palomitacas.com/pelicula/ficha/p429203,429203,6.0,6.0,04 de octubre - 2020,2020-10-04
Guerreros legendarios,https://www.palomitacas.com/pelicula/ficha/p50572,50572,6.0,6.0,26 de septiembre - 2020,2020-09-26
La Maldición de la Sirena,https://www.palomitacas.com/pelicula/ficha/p504631,504631,4.5,4.5,25 de septiembre - 2020,2020-09-25
La buena esposa,https://www.palomitacas.com/pelicula/ficha/p340613,340613,6.5,6.5,24 de septiembre - 2020,2020-09-24
La bala perdida,https://www.palomitacas.com/pelicula/ficha/p706503,706503,6.0,6.0,21 de septiembre - 2020,2020-09-21
Proyecto Power,https://www.palomitacas.com/pelicula/ficha/p605116,605116,5.5,5.5,20 de septiembre - 2020,2020-09-20
회사원,https://www.palomitacas.com/pelicula/ficha/p134126,134126,7.0,7.0,15 de septiembre - 2020,2020-09-15
Deathstroke: Caballeros y Dragones,https://www.palomitacas.com/pelicula/ficha/p703771,703771,6.5,6.5,02 de septiembre - 2020,2020-09-02
Vengadores: La era de Ultrón,https://www.palomitacas.com/pelicula/ficha/p99861,99861,8.0,8.0,24 de agosto - 2020,2020-08-24
Birdman o (la inesperada virtud de la ignorancia),https://www.palomitacas.com/pelicula/ficha/p194662,194662,8.0,8.0,21 de agosto - 2020,2020-08-21
Capitán América: Civil War,https://www.palomitacas.com/pelicula/ficha/p271110,271110,7.0,7.0,17 de agosto - 2020,2020-08-17
Planet Hulk,https://www.palomitacas.com/pelicula/ficha/p30675,30675,6.0,6.0,17 de agosto - 2020,2020-08-17
Bigger,https://www.palomitacas.com/pelicula/ficha/p481370,481370,6.5,6.5,16 de agosto - 2020,2020-08-16
La caza,https://www.palomitacas.com/pelicula/ficha/p514847,514847,5.5,5.5,04 de agosto - 2020,2020-08-04
Bohemian Rhapsody,https://www.palomitacas.com/pelicula/ficha/p424694,424694,7.0,7.0,02 de agosto - 2020,2020-08-02
Koma,https://www.palomitacas.com/pelicula/ficha/p430155,430155,6.5,6.5,30 de julio - 2020,2020-07-30
La vieja guardia,https://www.palomitacas.com/pelicula/ficha/p547016,547016,6.0,6.0,19 de julio - 2020,2020-07-19
Mutafukaz,https://www.palomitacas.com/pelicula/ficha/p461615,461615,7.0,7.0,18 de julio - 2020,2020-07-18
Sin City: Una dama por la que matar,https://www.palomitacas.com/pelicula/ficha/p189,189,7.5,7.5,15 de julio - 2020,2020-07-15
"Dios mío, ¿pero qué te hemos hecho?",https://www.palomitacas.com/pelicula/ficha/p262391,262391,7.0,7.0,02 de julio - 2020,2020-07-02
El hoyo,https://www.palomitacas.com/pelicula/ficha/p619264,619264,6.0,6.0,26 de junio - 2020,2020-06-26
Prisión en llamas,https://www.palomitacas.com/pelicula/ficha/p53653,53653,6.5,6.5,22 de junio - 2020,2020-06-22
22 de julio,https://www.palomitacas.com/pelicula/ficha/p474354,474354,7.0,7.0,10 de junio - 2020,2020-06-10
The Gentlemen: Los señores de la mafia,https://www.palomitacas.com/pelicula/ficha/p522627,522627,8.0,8.0,09 de junio - 2020,2020-06-09
El caballero oscuro,https://www.palomitacas.com/pelicula/ficha/p155,155,8.5,8.5,05 de junio - 2020,2020-06-05
Cadena perpetua,https://www.palomitacas.com/pelicula/ficha/p278,278,8.5,8.5,05 de junio - 2020,2020-06-05
Liga de la Justicia,https://www.palomitacas.com/pelicula/ficha/p141052,141052,7.5,7.5,05 de junio - 2020,2020-06-05
El Hobbit: La batalla de los cinco ejércitos,https://www.palomitacas.com/pelicula/ficha/p122917,122917,8.5,8.5,02 de junio - 2020,2023-04-08
Mortal Kombat Legends: La venganza de Scorpion,https://www.palomitacas.com/pelicula/ficha/p664767,664767,7.0,7.0,01 de junio - 2020,2020-06-01
Cafarnaúm,https://www.palomitacas.com/pelicula/ficha/p517814,517814,8.0,8.0,31 de mayo - 2020,2020-05-31
Incendies,https://www.palomitacas.com/pelicula/ficha/p46738,46738,8.5,8.5,31 de mayo - 2020,2020-05-31
La caza,https://www.palomitacas.com/pelicula/ficha/p103663,103663,8.0,8.0,31 de mayo - 2020,2020-05-31
Scenes from A Separation,https://www.palomitacas.com/pelicula/ficha/p656256,656256,8.0,8.0,31 de mayo - 2020,2020-05-31
Amelie,https://www.palomitacas.com/pelicula/ficha/p194,194,8.5,8.5,31 de mayo - 2020,2020-05-31
Acusada,https://www.palomitacas.com/pelicula/ficha/p519223,519223,5.5,5.5,30 de mayo - 2020,2020-05-30
Cars,https://www.palomitacas.com/pelicula/ficha/p920,920,6.5,6.5,29 de mayo - 2020,2020-05-29
Harry Potter y la piedra filosofal,https://www.palomitacas.com/pelicula/ficha/p671,671,7.0,7.0,28 de mayo - 2020,2020-05-28
Los Vengadores,https://www.palomitacas.com/pelicula/ficha/p24428,24428,7.0,7.0,28 de mayo - 2020,2020-05-28
Los juegos del hambre: Sinsajo. Parte 1,https://www.palomitacas.com/pelicula/ficha/p131631,131631,6.0,6.0,28 de mayo - 2020,2020-05-28
A ciegas,https://www.palomitacas.com/pelicula/ficha/p405774,405774,6.5,6.5,11 de mayo - 2020,2020-05-11
Justice League Dark: Apokolips War,https://www.palomitacas.com/pelicula/ficha/p618344,618344,8.5,8.5,10 de mayo - 2020,2020-05-10
La guerra de las galaxias. Episodio IV: Una nueva esperanza,https://www.palomitacas.com/pelicula/ficha/p11,11,8.5,8.5,09 de mayo - 2020,2020-05-09
Bad Boys for Life,https://www.palomitacas.com/pelicula/ficha/p38700,38700,7.0,7.0,09 de mayo - 2020,2020-05-09
Green Book,https://www.palomitacas.com/pelicula/ficha/p490132,490132,8.0,8.0,09 de mayo - 2020,2020-05-09
Queen & Slim,https://www.palomitacas.com/pelicula/ficha/p536743,536743,6.5,6.5,04 de mayo - 2020,2020-05-04
Exiled,https://www.palomitacas.com/pelicula/ficha/p13807,13807,8.5,8.5,27 de abril - 2020,2020-04-27
Extraction,https://www.palomitacas.com/pelicula/ficha/p545609,545609,5.5,5.5,26 de abril - 2020,2020-04-26
Amores perros,https://www.palomitacas.com/pelicula/ficha/p55,55,8.5,8.5,25 de abril - 2020,2020-04-25
Relatos salvajes,https://www.palomitacas.com/pelicula/ficha/p265195,265195,8.0,8.0,25 de abril - 2020,2020-04-25
Atame,https://www.palomitacas.com/pelicula/ficha/p2469,2469,7.0,7.0,25 de abril - 2020,2020-04-25
Biutiful,https://www.palomitacas.com/pelicula/ficha/p45958,45958,6.5,6.5,25 de abril - 2020,2020-04-25
Abre los ojos,https://www.palomitacas.com/pelicula/ficha/p1902,1902,8.5,8.5,25 de abril - 2020,2020-04-25
Mujeres al borde de un ataque de nervios,https://www.palomitacas.com/pelicula/ficha/p4203,4203,7.0,7.0,25 de abril - 2020,2020-04-25
Mar adentro,https://www.palomitacas.com/pelicula/ficha/p1913,1913,8.0,8.0,25 de abril - 2020,2020-04-25
Todo sobre mi madre,https://www.palomitacas.com/pelicula/ficha/p99,99,7.0,7.0,25 de abril - 2020,2020-04-25
Hable con ella,https://www.palomitacas.com/pelicula/ficha/p64,64,7.0,7.0,25 de abril - 2020,2020-04-25
El secreto de sus ojos,https://www.palomitacas.com/pelicula/ficha/p25376,25376,8.5,8.5,25 de abril - 2020,2020-04-25
La piel que habito,https://www.palomitacas.com/pelicula/ficha/p63311,63311,8.0,8.0,25 de abril - 2020,2020-04-25
비열한 거리,https://www.palomitacas.com/pelicula/ficha/p23538,23538,6.5,6.5,25 de abril - 2020,2020-04-25
El Veredicto. La ley del menor,https://www.palomitacas.com/pelicula/ficha/p467936,467936,6.5,6.5,25 de abril - 2020,2020-04-25
The Wandering Earth,https://www.palomitacas.com/pelicula/ficha/p535167,535167,6.0,6.0,21 de abril - 2020,2020-04-21
Cold Eyes,https://www.palomitacas.com/pelicula/ficha/p204553,204553,8.0,8.0,21 de abril - 2020,2020-04-21
Misión imposible: Protocolo fantasma,https://www.palomitacas.com/pelicula/ficha/p56292,56292,6.5,6.5,21 de abril - 2020,2020-04-21
Kill Bill: The Whole Bloody Affair,https://www.palomitacas.com/pelicula/ficha/p414419,414419,7.5,7.5,21 de abril - 2020,2020-04-21
Escape Room,https://www.palomitacas.com/pelicula/ficha/p522681,522681,5.5,5.5,20 de abril - 2020,2020-04-20
Redención: Los casos del Departamento Q,https://www.palomitacas.com/pelicula/ficha/p348668,348668,7.5,7.5,16 de abril - 2020,2020-04-16
Profanación: Los casos del Departamento Q,https://www.palomitacas.com/pelicula/ficha/p254201,254201,7.5,7.5,16 de abril - 2020,2020-04-16
El redentor,https://www.palomitacas.com/pelicula/ficha/p265851,265851,7.5,7.5,15 de abril - 2020,2020-04-15
Aves de presa (y la fantabulosa emancipación de Harley Quinn),https://www.palomitacas.com/pelicula/ficha/p495764,495764,2.0,2.0,15 de abril - 2020,2020-04-15
"Kenshin, el guerrero samurái",https://www.palomitacas.com/pelicula/ficha/p127533,127533,7.5,7.5,15 de abril - 2020,2020-04-15
The Grandmaster,https://www.palomitacas.com/pelicula/ficha/p44865,44865,6.0,6.0,15 de abril - 2020,2020-04-15
Prospect,https://www.palomitacas.com/pelicula/ficha/p506072,506072,5.5,5.5,15 de abril - 2020,2020-04-15
El Rey León,https://www.palomitacas.com/pelicula/ficha/p420818,420818,7.5,7.5,12 de abril - 2020,2020-04-12
Los otros,https://www.palomitacas.com/pelicula/ficha/p1933,1933,8.0,8.0,12 de abril - 2020,2020-04-12
让子弹飞,https://www.palomitacas.com/pelicula/ficha/p51533,51533,7.5,7.5,12 de abril - 2020,2020-04-12
Star Wars: El ascenso de Skywalker,https://www.palomitacas.com/pelicula/ficha/p181812,181812,6.0,6.0,10 de abril - 2020,2020-04-10
La noche de Halloween,https://www.palomitacas.com/pelicula/ficha/p424139,424139,5.5,5.5,10 de abril - 2020,2020-04-10
Danger close: la batalla de Long Tan,https://www.palomitacas.com/pelicula/ficha/p508664,508664,7.0,7.0,09 de abril - 2020,2020-04-09
La saga Crepúsculo: Eclipse,https://www.palomitacas.com/pelicula/ficha/p24021,24021,6.5,6.5,06 de abril - 2020,2020-04-06
El ultimátum de Bourne,https://www.palomitacas.com/pelicula/ficha/p2503,2503,7.5,7.5,06 de abril - 2020,2020-04-06
Geostorm,https://www.palomitacas.com/pelicula/ficha/p274855,274855,5.0,5.0,06 de abril - 2020,2020-04-06
Transformers: El último caballero,https://www.palomitacas.com/pelicula/ficha/p335988,335988,5.5,5.5,06 de abril - 2020,2020-04-06
Objetivo: La Casa Blanca,https://www.palomitacas.com/pelicula/ficha/p117263,117263,6.0,6.0,06 de abril - 2020,2020-04-06
El señor de los anillos: El retorno del Rey,https://www.palomitacas.com/pelicula/ficha/p122,122,8.5,8.5,05 de abril - 2020,2020-04-05
Hidden Man,https://www.palomitacas.com/pelicula/ficha/p503235,503235,6.0,6.0,05 de abril - 2020,2020-04-05
ミスター・ロン,https://www.palomitacas.com/pelicula/ficha/p436350,436350,6.5,6.5,04 de abril - 2020,2020-04-04
Gladiator,https://www.palomitacas.com/pelicula/ficha/p98,98,8.0,8.0,03 de abril - 2020,2020-04-03
Ant-Man y la Avispa,https://www.palomitacas.com/pelicula/ficha/p363088,363088,7.0,7.0,03 de abril - 2020,2020-04-03
John Wick (Otro día para matar),https://www.palomitacas.com/pelicula/ficha/p245891,245891,8.0,8.0,03 de abril - 2020,2020-04-03
Tormenta de arena,https://www.palomitacas.com/pelicula/ficha/p371463,371463,6.5,6.5,01 de abril - 2020,2020-04-01
Golpe en la pequeña China,https://www.palomitacas.com/pelicula/ficha/p6978,6978,6.5,6.5,01 de abril - 2020,2020-04-01
El canto del lobo,https://www.palomitacas.com/pelicula/ficha/p484468,484468,8.0,8.0,31 de marzo - 2020,2020-03-31
Inch'Allah,https://www.palomitacas.com/pelicula/ficha/p128104,128104,7.0,7.0,28 de marzo - 2020,2020-03-28
Bloodshot,https://www.palomitacas.com/pelicula/ficha/p338762,338762,5.5,5.5,27 de marzo - 2020,2020-03-27
Una cuestión de tiempo,https://www.palomitacas.com/pelicula/ficha/p122906,122906,8.0,8.0,26 de marzo - 2020,2020-03-26
El hombre invisible,https://www.palomitacas.com/pelicula/ficha/p570670,570670,7.5,7.5,26 de marzo - 2020,2021-02-03
The Place: El precio de un deseo,https://www.palomitacas.com/pelicula/ficha/p468198,468198,6.0,6.0,25 de marzo - 2020,2020-03-25
Museum,https://www.palomitacas.com/pelicula/ficha/p392681,392681,6.0,6.0,25 de marzo - 2020,2020-03-25
La cena de los idiotas,https://www.palomitacas.com/pelicula/ficha/p9421,9421,8.5,8.5,22 de marzo - 2020,2020-03-22
Adivina quién viene esta noche,https://www.palomitacas.com/pelicula/ficha/p1879,1879,7.5,7.5,22 de marzo - 2020,2020-03-22
El último hombre... vivo,https://www.palomitacas.com/pelicula/ficha/p11234,11234,6.0,6.0,22 de marzo - 2020,2020-03-22
Black '47,https://www.palomitacas.com/pelicula/ficha/p438145,438145,6.5,6.5,21 de marzo - 2020,2020-03-21
Reservoir dogs,https://www.palomitacas.com/pelicula/ficha/p500,500,8.0,8.0,20 de marzo - 2020,2020-03-20
Hotel Bombay,https://www.palomitacas.com/pelicula/ficha/p416144,416144,6.5,6.5,19 de marzo - 2020,2020-03-19
Volver a nacer,https://www.palomitacas.com/pelicula/ficha/p121642,121642,7.5,7.5,17 de marzo - 2020,2020-03-17
Toc Toc,https://www.palomitacas.com/pelicula/ficha/p437033,437033,6.5,6.5,16 de marzo - 2020,2020-03-16
Ocean's 8,https://www.palomitacas.com/pelicula/ficha/p402900,402900,6.0,6.0,16 de marzo - 2020,2020-03-16
¿Dónde está mi cuerpo?,https://www.palomitacas.com/pelicula/ficha/p586940,586940,7.5,7.5,12 de marzo - 2020,2020-06-22
Jojo Rabbit,https://www.palomitacas.com/pelicula/ficha/p515001,515001,7.5,7.5,05 de marzo - 2020,2020-03-21
Aguas oscuras,https://www.palomitacas.com/pelicula/ficha/p552178,552178,7.5,7.5,05 de marzo - 2020,2020-05-06
El camino: una película de Breaking Bad,https://www.palomitacas.com/pelicula/ficha/p559969,559969,,,,
Spider-Man: Lejos de Casa,https://www.palomitacas.com/pelicula/ficha/p429617,429617,,,,
Fractura,https://www.palomitacas.com/pelicula/ficha/p568091,568091,,,,
Anna,https://www.palomitacas.com/pelicula/ficha/p484641,484641,,,,
Ip Man 4,https://www.palomitacas.com/pelicula/ficha/p449924,449924,,,,
Custodia Compartida,https://www.palomitacas.com/pelicula/ficha/p451657,451657,,,,
Isla de perros,https://www.palomitacas.com/pelicula/ficha/p399174,399174,,,,
La gran mentira,https://www.palomitacas.com/pelicula/ficha/p511322,511322,6.0,6.0,04 de febrero - 2020,2021-04-17
Diamantes en bruto,https://www.palomitacas.com/pelicula/ficha/p473033,473033,,,,
Parásitos,https://www.palomitacas.com/pelicula/ficha/p496243,496243,8.0,8.0,31 de enero - 2020,2020-08-19
Puñales por la espalda,https://www.palomitacas.com/pelicula/ficha/p546554,546554,,,,
Huérfanos de Brooklyn,https://www.palomitacas.com/pelicula/ficha/p504562,504562,6.5,6.5,29 de enero - 2020,2020-05-26
Terminator: destino oscuro,https://www.palomitacas.com/pelicula/ficha/p290859,290859,,,,
1917,https://www.palomitacas.com/pelicula/ficha/p530915,530915,7.0,7.0,29 de enero - 2020,2020-07-06
La intervención,https://www.palomitacas.com/pelicula/ficha/p484638,484638,,,,
Gattaca,https://www.palomitacas.com/pelicula/ficha/p782,782,,,,
El duodécimo hombre,https://www.palomitacas.com/pelicula/ficha/p435577,435577,,,,
Le Mans '66,https://www.palomitacas.com/pelicula/ficha/p359724,359724,7.5,7.5,01 de enero - 2020,2021-04-15
Temple Grandin,https://www.palomitacas.com/pelicula/ficha/p33602,33602,,,,
Cadena de favores,https://www.palomitacas.com/pelicula/ficha/p10647,10647,,,,
Ad astra,https://www.palomitacas.com/pelicula/ficha/p419704,419704,,,,
Historia de un matrimonio,https://www.palomitacas.com/pelicula/ficha/p492188,492188,,,,
El irlandés,https://www.palomitacas.com/pelicula/ficha/p398978,398978,,,,
6 Underground,https://www.palomitacas.com/pelicula/ficha/p509967,509967,,,,
The Cloverfield Paradox,https://www.palomitacas.com/pelicula/ficha/p384521,384521,,,,
The Tale,https://www.palomitacas.com/pelicula/ficha/p369523,369523,,,,
Noche de bodas,https://www.palomitacas.com/pelicula/ficha/p567609,567609,,,,
El jilguero,https://www.palomitacas.com/pelicula/ficha/p472674,472674,6.5,6.5,25 de noviembre - 2019,2021-06-19
Rambo: Last Blood,https://www.palomitacas.com/pelicula/ficha/p522938,522938,6.0,6.0,25 de noviembre - 2019,2020-03-19
Joker,https://www.palomitacas.com/pelicula/ficha/p475557,475557,8.5,8.5,25 de noviembre - 2019,2021-01-31
Depredador,https://www.palomitacas.com/pelicula/ficha/p106,106,,,,
60 segundos,https://www.palomitacas.com/pelicula/ficha/p9679,9679,,,,
Objetivo: Washington D.C.,https://www.palomitacas.com/pelicula/ficha/p423204,423204,,,,
Kill Bill: Volumen 2,https://www.palomitacas.com/pelicula/ficha/p393,393,,,,
Kill Bill: Volumen 1,https://www.palomitacas.com/pelicula/ficha/p24,24,,,,
El número 23,https://www.palomitacas.com/pelicula/ficha/p3594,3594,,,,
El show de Truman (Una vida en directo),https://www.palomitacas.com/pelicula/ficha/p37165,37165,,,,
Triple frontera,https://www.palomitacas.com/pelicula/ficha/p399361,399361,,,,
Volar por los Aires,https://www.palomitacas.com/pelicula/ficha/p178,178,,,,
La sombra del diablo,https://www.palomitacas.com/pelicula/ficha/p4477,4477,,,,
Leyendas de pasión,https://www.palomitacas.com/pelicula/ficha/p4476,4476,,,,
Spy Game (Juego de espías),https://www.palomitacas.com/pelicula/ficha/p1535,1535,,,,
Mystic River,https://www.palomitacas.com/pelicula/ficha/p322,322,,,,
El silencio de los corderos,https://www.palomitacas.com/pelicula/ficha/p274,274,,,,
Sleepers,https://www.palomitacas.com/pelicula/ficha/p819,819,,,,
Ronin,https://www.palomitacas.com/pelicula/ficha/p8195,8195,,,,
El profesional (Léon),https://www.palomitacas.com/pelicula/ficha/p101,101,,,,
Mi nombre es Khan,https://www.palomitacas.com/pelicula/ficha/p26022,26022,,,,
Free Fire,https://www.palomitacas.com/pelicula/ficha/p334521,334521,,,,
El insulto,https://www.palomitacas.com/pelicula/ficha/p468284,468284,,,,
Sicario: El día del soldado,https://www.palomitacas.com/pelicula/ficha/p400535,400535,,,,
El rehén,https://www.palomitacas.com/pelicula/ficha/p399248,399248,,,,
Todo el dinero del mundo,https://www.palomitacas.com/pelicula/ficha/p446791,446791,,,,
The Warlords: Los señores de la guerra,https://www.palomitacas.com/pelicula/ficha/p14392,14392,,,,
Tres Reinos: La Resurreccion del Dragon,https://www.palomitacas.com/pelicula/ficha/p14538,14538,,,,
La casa de las dagas voladoras,https://www.palomitacas.com/pelicula/ficha/p9550,9550,,,,
Hero,https://www.palomitacas.com/pelicula/ficha/p79,79,,,,
La maldición de la flor dorada,https://www.palomitacas.com/pelicula/ficha/p1494,1494,,,,
Acantilado rojo,https://www.palomitacas.com/pelicula/ficha/p12289,12289,,,,
Redada asesina,https://www.palomitacas.com/pelicula/ficha/p94329,94329,,,,
Redada asesina 2,https://www.palomitacas.com/pelicula/ficha/p180299,180299,,,,
Breaking the Limits,https://www.palomitacas.com/pelicula/ficha/p470360,470360,,,,
300,https://www.palomitacas.com/pelicula/ficha/p1271,1271,,,,
Un ciudadano ejemplar,https://www.palomitacas.com/pelicula/ficha/p22803,22803,,,,
Mr. Church,https://www.palomitacas.com/pelicula/ficha/p374461,374461,,,,
La decisión de Anne,https://www.palomitacas.com/pelicula/ficha/p10024,10024,,,,
Wonder,https://www.palomitacas.com/pelicula/ficha/p406997,406997,,,,
X-Men: Fénix oscura,https://www.palomitacas.com/pelicula/ficha/p320288,320288,,,,
El Lado Siniestro de la Luna,https://www.palomitacas.com/pelicula/ficha/p530382,530382,6.5,6.5,07 de octubre - 2019,2020-04-19
Calibre,https://www.palomitacas.com/pelicula/ficha/p474051,474051,,,,
Antes de ti,https://www.palomitacas.com/pelicula/ficha/p296096,296096,,,,
Lion,https://www.palomitacas.com/pelicula/ficha/p334543,334543,,,,
13 asesinos,https://www.palomitacas.com/pelicula/ficha/p58857,58857,,,,
13 Tzameti,https://www.palomitacas.com/pelicula/ficha/p6077,6077,,,,
Distrito 13 Ultimatum,https://www.palomitacas.com/pelicula/ficha/p15357,15357,,,,
Fast & Furious: Hobbs & Shaw,https://www.palomitacas.com/pelicula/ficha/p384018,384018,,,,
Tres anuncios en las afueras,https://www.palomitacas.com/pelicula/ficha/p359940,359940,,,,
Spider-Man: Un nuevo universo,https://www.palomitacas.com/pelicula/ficha/p324857,324857,,,,
Vengadores: Infinity War,https://www.palomitacas.com/pelicula/ficha/p299536,299536,,,,
The Great Debaters,https://www.palomitacas.com/pelicula/ficha/p14047,14047,,,,
American Gangster,https://www.palomitacas.com/pelicula/ficha/p4982,4982,,,,
El fuego de la venganza,https://www.palomitacas.com/pelicula/ficha/p9509,9509,,,,
Training Day (Día de entrenamiento),https://www.palomitacas.com/pelicula/ficha/p2034,2034,,,,
Marea roja,https://www.palomitacas.com/pelicula/ficha/p8963,8963,,,,
Hunter Killer: caza en las profundidades,https://www.palomitacas.com/pelicula/ficha/p399402,399402,7.0,7.0,13 de septiembre - 2019,2019-09-12
Amor,https://www.palomitacas.com/pelicula/ficha/p86837,86837,,,,
Animales fantásticos: Los crímenes de Grindelwald,https://www.palomitacas.com/pelicula/ficha/p338952,338952,,,,
Carpinteros,https://www.palomitacas.com/pelicula/ficha/p428479,428479,,,,
Jack Veneno,https://www.palomitacas.com/pelicula/ficha/p462904,462904,,,,
La Gunguna (una de canallas),https://www.palomitacas.com/pelicula/ficha/p391738,391738,,,,
Nación cautiva,https://www.palomitacas.com/pelicula/ficha/p429471,429471,,,,
Vengadores: Endgame,https://www.palomitacas.com/pelicula/ficha/p299534,299534,,,,
El hombre sin pasado,https://www.palomitacas.com/pelicula/ficha/p51608,51608,,,,
Confessions,https://www.palomitacas.com/pelicula/ficha/p54186,54186,,,,
Figuras ocultas,https://www.palomitacas.com/pelicula/ficha/p381284,381284,,,,
Juego sucio 3,https://www.palomitacas.com/pelicula/ficha/p14310,14310,,,,
Juego sucio 2,https://www.palomitacas.com/pelicula/ficha/p11647,11647,,,,
Juego sucio (Infernal Affairs),https://www.palomitacas.com/pelicula/ficha/p10775,10775,,,,
ARQ,https://www.palomitacas.com/pelicula/ficha/p410199,410199,,,,
Las vidas posibles de Mr. Nobody,https://www.palomitacas.com/pelicula/ficha/p31011,31011,,,,
¡Olvídate de mí!,https://www.palomitacas.com/pelicula/ficha/p38,38,,,,
Interstellar,https://www.palomitacas.com/pelicula/ficha/p157336,157336,,,,
Origen,https://www.palomitacas.com/pelicula/ficha/p27205,27205,,,,
Seven,https://www.palomitacas.com/pelicula/ficha/p807,807,,,,
Shutter Island,https://www.palomitacas.com/pelicula/ficha/p11324,11324,,,,
El truco final (El prestigio),https://www.palomitacas.com/pelicula/ficha/p1124,1124,,,,
El club de la lucha,https://www.palomitacas.com/pelicula/ficha/p550,550,,,,
Memento,https://www.palomitacas.com/pelicula/ficha/p77,77,,,,
Coherence,https://www.palomitacas.com/pelicula/ficha/p220289,220289,,,,
Predestinación,https://www.palomitacas.com/pelicula/ficha/p206487,206487,,,,
Roaring Currents,https://www.palomitacas.com/pelicula/ficha/p282631,282631,,,,
Spotlight,https://www.palomitacas.com/pelicula/ficha/p314365,314365,,,,
Lluvia de Acero,https://www.palomitacas.com/pelicula/ficha/p435841,435841,,,,
Hostiles,https://www.palomitacas.com/pelicula/ficha/p384680,384680,,,,
Hellboy,https://www.palomitacas.com/pelicula/ficha/p456740,456740,,,,
La forma del agua,https://www.palomitacas.com/pelicula/ficha/p399055,399055,,,,
Coco,https://www.palomitacas.com/pelicula/ficha/p354912,354912,,,,
Sympathy for Mr. Vengeance,https://www.palomitacas.com/pelicula/ficha/p4689,4689,,,,
Sympathy for Lady Vengeance,https://www.palomitacas.com/pelicula/ficha/p4550,4550,,,,
Oldboy,https://www.palomitacas.com/pelicula/ficha/p670,670,,,,
Drug War: La guerra de la droga,https://www.palomitacas.com/pelicula/ficha/p110410,110410,,,,
Encontré al diablo,https://www.palomitacas.com/pelicula/ficha/p49797,49797,,,,
Land of Mine (Bajo la arena),https://www.palomitacas.com/pelicula/ficha/p335578,335578,,,,
Alita: Ángel de combate,https://www.palomitacas.com/pelicula/ficha/p399579,399579,,,,
Contratiempo,https://www.palomitacas.com/pelicula/ficha/p411088,411088,,,,
Musarañas,https://www.palomitacas.com/pelicula/ficha/p284305,284305,,,,
El cuerpo,https://www.palomitacas.com/pelicula/ficha/p111083,111083,,,,
Heat,https://www.palomitacas.com/pelicula/ficha/p949,949,,,,
Millennium 1: Los hombres que no amaban a las mujeres,https://www.palomitacas.com/pelicula/ficha/p15472,15472,,,,
Millennium 2: La chica que soñaba con una cerilla y un bidón de gasolina,https://www.palomitacas.com/pelicula/ficha/p24253,24253,,,,
Millennium 3: La reina en el palacio de las corrientes de aire,https://www.palomitacas.com/pelicula/ficha/p33613,33613,,,,
Capitana Marvel,https://www.palomitacas.com/pelicula/ficha/p299537,299537,,,,
¡Shazam!,https://www.palomitacas.com/pelicula/ficha/p287947,287947,,,,
"Roman J. Israel, Esq.",https://www.palomitacas.com/pelicula/ficha/p413362,413362,,,,
Veneno,https://www.palomitacas.com/pelicula/ficha/p508528,508528,,,,
Ready Player One,https://www.palomitacas.com/pelicula/ficha/p333339,333339,,,,
Blade Runner 2049,https://www.palomitacas.com/pelicula/ficha/p335984,335984,8.0,8.0,28 de julio - 2019,2019-07-27
Mundo futuro,https://www.palomitacas.com/pelicula/ficha/p10640,10640,,,,
Almas de metal,https://www.palomitacas.com/pelicula/ficha/p2362,2362,,,,
Suburra,https://www.palomitacas.com/pelicula/ficha/p356296,356296,,,,
John Wick: Capítulo 3 - Parabellum,https://www.palomitacas.com/pelicula/ficha/p458156,458156,,,,
Wolf,https://www.palomitacas.com/pelicula/ficha/p568490,568490,,,,
